{
    "mean_squared_error": 0.3901394112731138,
    "r2_score": 0.49625184781649667
}